"section"	"question"	"item"	"type"	"ID"	"description"
"I0"			"section"	"I0"	"Introduction"
"I0"	1		"question"	"I001"	"Introduction"
"I0"	2		"question"	"I002"	"Voluntarily"
"I0"	2	1	"item"	"I002_01"	"I agree"
"I0"	2	2	"item"	"I002_02"	"I do not agree"
"I0"	3		"question"	"I003"	"Sharing"
"I0"	3	1	"item"	"I003_01"	"I agree"
"I0"	3	2	"item"	"I003_02"	"I do not agree"
"I0"	4		"question"	"I004"	"Available"
"I0"	4	1	"item"	"I004_01"	"I agree"
"I0"	4	2	"item"	"I004_02"	"I do not agree"
"I0"	5		"question"	"I005"	"Free_Will"
"I0"	5	1	"item"	"I005_01"	"I agree"
"I0"	5	2	"item"	"I005_02"	"I do not agree"
"Q0"			"section"	"Q0"	"Questions"
"Q0"	1		"question"	"Q001"	"Intro"
"Q0"	2		"question"	"Q002"	"Check"
"Q0"	2	1	"item"	"Q002_01"	"1"
"Q0"	2	2	"item"	"Q002_02"	"2"
"Q0"	2	3	"item"	"Q002_03"	"3"
"Q0"	2	4	"item"	"Q002_04"	"4"
"Q0"	2	5	"item"	"Q002_05"	"5"
"Q0"	3		"question"	"Q003"	"Bye - not agreed to conds"
"Q0"	4		"question"	"Q004"	"Bye - <1 Experience"
"Q0"	5		"question"	"Q005"	"Vehicle Layer"
"Q0"	5	1	"item"	"Q005_01"	"I agree with the Vehicle Layer components."
"Q0"	5	2	"item"	"Q005_02"	"I disagree with the Vehicle Layer components because"
"Q0"	5	4	"item"	"Q005_04"	"Missing component(s):"
"Q0"	5	3	"item"	"Q005_03"	"I have no opinion."
"Q0"	6		"question"	"Q006"	"VL - Infotainment"
"Q0"	6	1	"item"	"Q006_01"	"I agree with the component and its subcomponent(s)."
"Q0"	6	2	"item"	"Q006_02"	"I agree with the colour of the component and its subcomponent(s)."
"Q0"	6	3	"item"	"Q006_03"	"I disagree with the component or its subcomponent(s) because "
"Q0"	6	4	"item"	"Q006_04"	"I disagree with the colour of the component or its subcomponent(s) because"
"Q0"	6	5	"item"	"Q006_05"	"I have no opinion."
"Q0"	7		"question"	"Q007"	"VL - Telematics"
"Q0"	7	1	"item"	"Q007_01"	"I agree with the component and its subcomponent(s)."
"Q0"	7	2	"item"	"Q007_02"	"I agree with the colour of the component and its subcomponent(s)."
"Q0"	7	3	"item"	"Q007_03"	"I disagree with the component or its subcomponent(s) because "
"Q0"	7	4	"item"	"Q007_04"	"I disagree with the colour of the component or its subcomponent(s) because"
"Q0"	7	5	"item"	"Q007_05"	"I have no opinion."
"Q0"	8		"question"	"Q008"	"VL - Central Unit"
"Q0"	8	1	"item"	"Q008_01"	"I agree with the component and its subcomponent(s)."
"Q0"	8	2	"item"	"Q008_02"	"I agree with the colour of the component and its subcomponent(s)."
"Q0"	8	3	"item"	"Q008_03"	"I disagree with the component or its subcomponent(s) because "
"Q0"	8	4	"item"	"Q008_04"	"I disagree with the colour of the component or its subcomponent(s) because"
"Q0"	8	5	"item"	"Q008_05"	"I have no opinion."
"Q0"	9		"question"	"Q009"	"VL - Communication Modules"
"Q0"	9	1	"item"	"Q009_01"	"I agree with the component and its subcomponent(s)."
"Q0"	9	2	"item"	"Q009_02"	"I agree with the colour of the component and its subcomponent(s)."
"Q0"	9	3	"item"	"Q009_03"	"I disagree with the component or its subcomponent(s) because "
"Q0"	9	4	"item"	"Q009_04"	"I disagree with the colour of the component or its subcomponent(s) because"
"Q0"	9	5	"item"	"Q009_05"	"I have no opinion."
"Q0"	10		"question"	"Q010"	"VL - Actuators"
"Q0"	10	1	"item"	"Q010_01"	"I agree with the component and its subcomponent(s)."
"Q0"	10	2	"item"	"Q010_02"	"I agree with the colour of the component and its subcomponent(s)."
"Q0"	10	3	"item"	"Q010_03"	"I disagree with the component or its subcomponent(s) because "
"Q0"	10	4	"item"	"Q010_04"	"I disagree with the colour of the component or its subcomponent(s) because"
"Q0"	10	5	"item"	"Q010_05"	"I have no opinion."
"Q0"	11		"question"	"Q011"	"VL - ECUs"
"Q0"	11	1	"item"	"Q011_01"	"I agree with the component and its subcomponent(s)."
"Q0"	11	2	"item"	"Q011_02"	"I agree with the colour of the component and its subcomponent(s)."
"Q0"	11	3	"item"	"Q011_03"	"I disagree with the component or its subcomponent(s) because "
"Q0"	11	4	"item"	"Q011_04"	"I disagree with the colour of the component or its subcomponent(s) because"
"Q0"	11	5	"item"	"Q011_05"	"I have no opinion."
"Q0"	12		"question"	"Q012"	"VL - OBD"
"Q0"	12	1	"item"	"Q012_01"	"I agree with the component and its subcomponent(s)."
"Q0"	12	2	"item"	"Q012_02"	"I agree with the colour of the component and its subcomponent(s)."
"Q0"	12	3	"item"	"Q012_03"	"I disagree with the component or its subcomponent(s) because "
"Q0"	12	4	"item"	"Q012_04"	"I disagree with the colour of the component or its subcomponent(s) because"
"Q0"	12	5	"item"	"Q012_05"	"I have no opinion."
"Q0"	13		"question"	"Q013"	"VL - Key"
"Q0"	13	1	"item"	"Q013_01"	"I agree with the component and its subcomponent(s)."
"Q0"	13	2	"item"	"Q013_02"	"I agree with the colour of the component and its subcomponent(s)."
"Q0"	13	3	"item"	"Q013_03"	"I disagree with the component or its subcomponent(s) because "
"Q0"	13	4	"item"	"Q013_04"	"I disagree with the colour of the component or its subcomponent(s) because"
"Q0"	13	5	"item"	"Q013_05"	"I have no opinion."
"Q0"	14		"question"	"Q014"	"VL - Bus Systems"
"Q0"	14	1	"item"	"Q014_01"	"I agree with the component and its subcomponent(s)."
"Q0"	14	2	"item"	"Q014_02"	"I agree with the colour of the component and its subcomponent(s)."
"Q0"	14	3	"item"	"Q014_03"	"I disagree with the component or its subcomponent(s) because "
"Q0"	14	4	"item"	"Q014_04"	"I disagree with the colour of the component or its subcomponent(s) because"
"Q0"	14	5	"item"	"Q014_05"	"I have no opinion."
"Q0"	61		"question"	"Q061"	"VL - Sensors"
"Q0"	61	1	"item"	"Q061_01"	"I agree with the component and its subcomponent(s)."
"Q0"	61	2	"item"	"Q061_02"	"I agree with the colour of the component and its subcomponent(s)."
"Q0"	61	3	"item"	"Q061_03"	"I disagree with the component or its subcomponent(s) because "
"Q0"	61	4	"item"	"Q061_04"	"I disagree with the colour of the component or its subcomponent(s) because"
"Q0"	61	5	"item"	"Q061_05"	"I have no opinion."
"Q0"	15		"question"	"Q015"	"VL - EDR"
"Q0"	15	1	"item"	"Q015_01"	"I agree with the component and its subcomponent(s)."
"Q0"	15	2	"item"	"Q015_02"	"I agree with the colour of the component and its subcomponent(s)."
"Q0"	15	3	"item"	"Q015_03"	"I disagree with the component or its subcomponent(s) because "
"Q0"	15	4	"item"	"Q015_04"	"I disagree with the colour of the component or its subcomponent(s) because"
"Q0"	15	5	"item"	"Q015_05"	"I have no opinion."
"Q0"	16		"question"	"Q016"	"VL - Comfort"
"Q0"	16	1	"item"	"Q016_01"	"I agree with the component and its subcomponent(s)."
"Q0"	16	2	"item"	"Q016_02"	"I agree with the colour of the component and its subcomponent(s)."
"Q0"	16	3	"item"	"Q016_03"	"I disagree with the component or its subcomponent(s) because "
"Q0"	16	4	"item"	"Q016_04"	"I disagree with the colour of the component or its subcomponent(s) because"
"Q0"	16	5	"item"	"Q016_05"	"I have no opinion."
"Q0"	17		"question"	"Q017"	"VL - Drive"
"Q0"	17	1	"item"	"Q017_01"	"I agree with the component and its subcomponent(s)."
"Q0"	17	2	"item"	"Q017_02"	"I agree with the colour of the component and its subcomponent(s)."
"Q0"	17	3	"item"	"Q017_03"	"I disagree with the component or its subcomponent(s) because "
"Q0"	17	4	"item"	"Q017_04"	"I disagree with the colour of the component or its subcomponent(s) because"
"Q0"	17	5	"item"	"Q017_05"	"I have no opinion."
"Q0"	21		"question"	"Q021"	"Missing Vehicle Components"
"Q0"	21	17	"item"	"Q021_17"	"Missing Vehicle Layer Component(s)"
"Q0"	21	1	"item"	"Q021_01"	"Infotainment"
"Q0"	21	2	"item"	"Q021_02"	"Telematics"
"Q0"	21	3	"item"	"Q021_03"	"Central Unit"
"Q0"	21	4	"item"	"Q021_04"	"Communication Modules"
"Q0"	21	5	"item"	"Q021_05"	"Actuators"
"Q0"	21	6	"item"	"Q021_06"	"ECUs"
"Q0"	21	7	"item"	"Q021_07"	"OBD"
"Q0"	21	8	"item"	"Q021_08"	"Key"
"Q0"	21	9	"item"	"Q021_09"	"Bus Systems"
"Q0"	21	10	"item"	"Q021_10"	"Sensors"
"Q0"	21	11	"item"	"Q021_11"	"EDR"
"Q0"	21	12	"item"	"Q021_12"	"Comfort"
"Q0"	21	13	"item"	"Q021_13"	"Drive"
"Q0"	21	18	"item"	"Q021_18"	"Other Comments"
"Q0"	22		"question"	"Q022"	"Proximity Layer"
"Q0"	22	1	"item"	"Q022_01"	"I agree with the Proximity Layer components."
"Q0"	22	2	"item"	"Q022_02"	"I disagree with the Proximity Layer components because"
"Q0"	22	4	"item"	"Q022_04"	"Missing component(s):"
"Q0"	22	3	"item"	"Q022_03"	"I have no opinion."
"Q0"	23		"question"	"Q023"	"PL - Bluetooth"
"Q0"	23	1	"item"	"Q023_01"	"I agree with the component and its subcomponent(s)."
"Q0"	23	2	"item"	"Q023_02"	"I agree with the colour of the component and its subcomponent(s)."
"Q0"	23	3	"item"	"Q023_03"	"I disagree with the component or its subcomponent(s) because "
"Q0"	23	4	"item"	"Q023_04"	"I disagree with the colour of the component or its subcomponent(s) because"
"Q0"	23	5	"item"	"Q023_05"	"I have no opinion."
"Q0"	24		"question"	"Q024"	"PL - V2I"
"Q0"	24	1	"item"	"Q024_01"	"I agree with the component and its subcomponent(s)."
"Q0"	24	2	"item"	"Q024_02"	"I agree with the colour of the component and its subcomponent(s)."
"Q0"	24	3	"item"	"Q024_03"	"I disagree with the component or its subcomponent(s) because "
"Q0"	24	4	"item"	"Q024_04"	"I disagree with the colour of the component or its subcomponent(s) because"
"Q0"	24	5	"item"	"Q024_05"	"I have no opinion."
"Q0"	25		"question"	"Q025"	"PL - V2P"
"Q0"	25	1	"item"	"Q025_01"	"I agree with the component and its subcomponent(s)."
"Q0"	25	2	"item"	"Q025_02"	"I agree with the colour of the component and its subcomponent(s)."
"Q0"	25	3	"item"	"Q025_03"	"I disagree with the component or its subcomponent(s) because "
"Q0"	25	4	"item"	"Q025_04"	"I disagree with the colour of the component or its subcomponent(s) because"
"Q0"	25	5	"item"	"Q025_05"	"I have no opinion."
"Q0"	26		"question"	"Q026"	"PL - V2V"
"Q0"	26	1	"item"	"Q026_01"	"I agree with the component and its subcomponent(s)."
"Q0"	26	2	"item"	"Q026_02"	"I agree with the colour of the component and its subcomponent(s)."
"Q0"	26	3	"item"	"Q026_03"	"I disagree with the component or its subcomponent(s) because "
"Q0"	26	4	"item"	"Q026_04"	"I disagree with the colour of the component or its subcomponent(s) because"
"Q0"	26	5	"item"	"Q026_05"	"I have no opinion."
"Q0"	27		"question"	"Q027"	"PL - External / Exteroceptive Sensors"
"Q0"	27	1	"item"	"Q027_01"	"I agree with the component and its subcomponent(s)."
"Q0"	27	2	"item"	"Q027_02"	"I agree with the colour of the component and its subcomponent(s)."
"Q0"	27	3	"item"	"Q027_03"	"I disagree with the component or its subcomponent(s) because "
"Q0"	27	4	"item"	"Q027_04"	"I disagree with the colour of the component or its subcomponent(s) because"
"Q0"	27	5	"item"	"Q027_05"	"I have no opinion."
"Q0"	29		"question"	"Q029"	"PL - WiFi"
"Q0"	29	1	"item"	"Q029_01"	"I agreee with the component and its subcomponent(s)."
"Q0"	29	2	"item"	"Q029_02"	"I agree with the colour of the component and its subcomponent(s)."
"Q0"	29	3	"item"	"Q029_03"	"I disagree with the component or its subcomponent(s) because "
"Q0"	29	4	"item"	"Q029_04"	"I disagree with the colour of the component or its subcomponent(s) because"
"Q0"	29	5	"item"	"Q029_05"	"I have no opinion."
"Q0"	31		"question"	"Q031"	"Missing Proximity Components"
"Q0"	31	1	"item"	"Q031_01"	"Missing Proximity Layer Component(s)"
"Q0"	31	2	"item"	"Q031_02"	"Bluetooth"
"Q0"	31	3	"item"	"Q031_03"	"V2I"
"Q0"	31	4	"item"	"Q031_04"	"V2P"
"Q0"	31	5	"item"	"Q031_05"	"V2V"
"Q0"	31	6	"item"	"Q031_06"	"External / Exteroceptive Sensors"
"Q0"	31	8	"item"	"Q031_08"	"WiFi"
"Q0"	31	10	"item"	"Q031_10"	"Other Comments"
"Q0"	32		"question"	"Q032"	"Backend & Cloud Layer"
"Q0"	32	1	"item"	"Q032_01"	"I agree with the Backend & Cloud Layer components."
"Q0"	32	2	"item"	"Q032_02"	"I disagree with the Backend & Cloud Layer components because"
"Q0"	32	4	"item"	"Q032_04"	"Missing component(s):"
"Q0"	32	3	"item"	"Q032_03"	"I have no opinion."
"Q0"	33		"question"	"Q033"	"BCL - Telematics Service Providers"
"Q0"	33	1	"item"	"Q033_01"	"I agree with the component and its subcomponent(s)."
"Q0"	33	2	"item"	"Q033_02"	"I agree with the colour of the component and its subcomponent(s)."
"Q0"	33	3	"item"	"Q033_03"	"I disagree with the component or its subcomponent(s) because "
"Q0"	33	4	"item"	"Q033_04"	"I disagree with the colour of the component or its subcomponent(s) because"
"Q0"	33	5	"item"	"Q033_05"	"I have no opinion."
"Q0"	34		"question"	"Q034"	"BCL - Public & Private Clouds"
"Q0"	34	1	"item"	"Q034_01"	"I agree with the component and its subcomponent(s)."
"Q0"	34	2	"item"	"Q034_02"	"I agree with the colour of the component and its subcomponent(s)."
"Q0"	34	3	"item"	"Q034_03"	"I disagree with the component or its subcomponent(s) because "
"Q0"	34	4	"item"	"Q034_04"	"I disagree with the colour of the component or its subcomponent(s) because"
"Q0"	34	5	"item"	"Q034_05"	"I have no opinion."
"Q0"	38		"question"	"Q038"	"BCL - OES & OEM Backends"
"Q0"	38	1	"item"	"Q038_01"	"I agree with the component and its subcomponent(s)."
"Q0"	38	2	"item"	"Q038_02"	"I agree with the colour of the component and its subcomponent(s)."
"Q0"	38	3	"item"	"Q038_03"	"I disagree with the component or its subcomponent(s) because "
"Q0"	38	4	"item"	"Q038_04"	"I disagree with the colour of the component or its subcomponent(s) because"
"Q0"	38	5	"item"	"Q038_05"	"I have no opinion."
"Q0"	40		"question"	"Q040"	"Missing Backend & Cloud Components"
"Q0"	40	1	"item"	"Q040_01"	"Missing Backend & Cloud Layer Component(s)"
"Q0"	40	2	"item"	"Q040_02"	"Telematics Service Providers"
"Q0"	40	3	"item"	"Q040_03"	"Public & Private Clouds"
"Q0"	40	4	"item"	"Q040_04"	"OES & OEM Backends"
"Q0"	40	8	"item"	"Q040_08"	"Other Comments"
"Q0"	41		"question"	"Q041"	"Network Layer"
"Q0"	41	1	"item"	"Q041_01"	"I agree with the Network Layer components."
"Q0"	41	2	"item"	"Q041_02"	"I disagree with the Network Layer components because"
"Q0"	41	3	"item"	"Q041_03"	"I have no opinion."
"Q0"	42		"question"	"Q042"	"NL - Cellular Networks"
"Q0"	42	1	"item"	"Q042_01"	"I agree with the component and its subcomponent(s)."
"Q0"	42	2	"item"	"Q042_02"	"I agree with the colour of the component and its subcomponent(s)."
"Q0"	42	3	"item"	"Q042_03"	"I disagree with the component or its subcomponent(s) because "
"Q0"	42	4	"item"	"Q042_04"	"I disagree with the colour of the component or its subcomponent(s) because"
"Q0"	42	5	"item"	"Q042_05"	"I have no opinion."
"Q0"	43		"question"	"Q043"	"NL - Untrusted Networks"
"Q0"	43	1	"item"	"Q043_01"	"I agree with the component and its subcomponent(s)."
"Q0"	43	2	"item"	"Q043_02"	"I agree with the colour of the component and its subcomponent(s)."
"Q0"	43	3	"item"	"Q043_03"	"I disagree with the component or its subcomponent(s) because "
"Q0"	43	4	"item"	"Q043_04"	"I disagree with the colour of the component or its subcomponent(s) because"
"Q0"	43	5	"item"	"Q043_05"	"I have no opinion."
"Q0"	44		"question"	"Q044"	"NL - Physical Resource"
"Q0"	44	1	"item"	"Q044_01"	"I agree with the component and its subcomponent(s)."
"Q0"	44	2	"item"	"Q044_02"	"I agree with the colour of the component and its subcomponent(s)."
"Q0"	44	3	"item"	"Q044_03"	"I disagree with the component or its subcomponent(s) because "
"Q0"	44	4	"item"	"Q044_04"	"I disagree with the colour of the component or its subcomponent(s) because"
"Q0"	44	5	"item"	"Q044_05"	"I have no opinion."
"Q0"	45		"question"	"Q045"	"NL - Grid Infrastructure"
"Q0"	45	1	"item"	"Q045_01"	"I agree with the component and its subcomponent(s)."
"Q0"	45	2	"item"	"Q045_02"	"I agree with the colour of the component and its subcomponent(s)."
"Q0"	45	3	"item"	"Q045_03"	"I disagree with the component or its subcomponent(s) because "
"Q0"	45	4	"item"	"Q045_04"	"I disagree with the colour of the component or its subcomponent(s) because"
"Q0"	45	5	"item"	"Q045_05"	"I have no opinion."
"Q0"	46		"question"	"Q046"	"NL - Infrastructure Sensors"
"Q0"	46	1	"item"	"Q046_01"	"I agree with the component and its subcomponent(s)."
"Q0"	46	2	"item"	"Q046_02"	"I agree with the colour of the component and its subcomponent(s)."
"Q0"	46	3	"item"	"Q046_03"	"I disagree with the component or its subcomponent(s) because "
"Q0"	46	4	"item"	"Q046_04"	"I disagree with the colour of the component or its subcomponent(s) because"
"Q0"	46	5	"item"	"Q046_05"	"I have no opinion."
"Q0"	47		"question"	"Q047"	"NL - Trusted Networks"
"Q0"	47	1	"item"	"Q047_01"	"I agree with the component and its subcomponent(s)."
"Q0"	47	2	"item"	"Q047_02"	"I agree with the colour of the component and its subcomponent(s)."
"Q0"	47	3	"item"	"Q047_03"	"I disagree with the component or its subcomponent(s) because "
"Q0"	47	4	"item"	"Q047_04"	"I disagree with the colour of the component or its subcomponent(s) because"
"Q0"	47	5	"item"	"Q047_05"	"I have no opinion."
"Q0"	48		"question"	"Q048"	"NL - Satellite Communication"
"Q0"	48	1	"item"	"Q048_01"	"I agree with the component and its subcomponent(s)."
"Q0"	48	2	"item"	"Q048_02"	"I agree with the colour of the component and its subcomponent(s)."
"Q0"	48	3	"item"	"Q048_03"	"I disagree with the component or its subcomponent(s) because "
"Q0"	48	4	"item"	"Q048_04"	"I disagree with the colour of the component or its subcomponent(s) because"
"Q0"	48	5	"item"	"Q048_05"	"I have no opinion."
"Q0"	52		"question"	"Q052"	"Missing Network Components"
"Q0"	52	1	"item"	"Q052_01"	"Missing Network Layer Component(s)"
"Q0"	52	2	"item"	"Q052_02"	"Cellular Network"
"Q0"	52	3	"item"	"Q052_03"	"Untrusted Network"
"Q0"	52	4	"item"	"Q052_04"	"Physical Resource"
"Q0"	52	5	"item"	"Q052_05"	"Grid Infrastructure"
"Q0"	52	6	"item"	"Q052_06"	"Infrastructure Sensors"
"Q0"	52	7	"item"	"Q052_07"	"Trusted Networks"
"Q0"	52	8	"item"	"Q052_08"	"Satellite Communication"
"Q0"	52	12	"item"	"Q052_12"	"Other Comments"
"Q0"	53		"question"	"Q053"	"Cyberattack Mapping Validation"
"Q0"	54		"question"	"Q054"	"Missing Attack Vectors"
"Q0"	54	1	"item"	"Q054_01"	
"Q0"	55		"question"	"Q055"	"Missing Layer"
"Q0"	55	1	"item"	"Q055_01"	
"Q0"	56		"question"	"Q056"	"Feedback"
"Q0"	56	1	"item"	"Q056_01"	
"Q0"	57		"question"	"Q057"	"Thank You"
"Q0"	58		"question"	"Q058"	"text input"
"Q0"	58	1	"item"	"Q058_01"	
"Q0"	59		"question"	"Q059"	"Layer Alternative"
"Q0"	59	1	"item"	"Q059_01"	"Infotainment"
"Q0"	59	2	"item"	"Q059_02"	"Telematics"
"Q0"	59	3	"item"	"Q059_03"	"Central Unit"
"Q0"	59	4	"item"	"Q059_04"	"Communication Modules"
"Q0"	59	5	"item"	"Q059_05"	"Actuators"
"Q0"	59	6	"item"	"Q059_06"	"ECUs"
"Q0"	59	7	"item"	"Q059_07"	"OBD"
"Q0"	59	8	"item"	"Q059_08"	"Key"
"Q0"	59	9	"item"	"Q059_09"	"Bus Systems"
"Q0"	59	10	"item"	"Q059_10"	"Sensors"
"Q0"	59	11	"item"	"Q059_11"	"EDR"
"Q0"	59	12	"item"	"Q059_12"	"Wiring &"
"Q0"	59	13	"item"	"Q059_13"	"Power Distribution"
"Q0"	59	14	"item"	"Q059_14"	"ADAS"
"Q0"	59	15	"item"	"Q059_15"	"USB"
"Q0"	59	16	"item"	"Q059_16"	"Audio Connections"
"Q0"	59	17	"item"	"Q059_17"	"Engine Control Module"
"Q0"	59	18	"item"	"Q059_18"	"Missing Components:"
"Q0"	60		"question"	"Q060"	"Colour - Layer Alternative"
"Q0"	60	1	"item"	"Q060_01"	"Infotainment"
"Q0"	60	2	"item"	"Q060_02"	"Telematics"
"Q0"	60	3	"item"	"Q060_03"	"Central Unit"
"Q0"	60	4	"item"	"Q060_04"	"Communication Modules"
"Q0"	60	5	"item"	"Q060_05"	"Actuators"
"Q0"	60	6	"item"	"Q060_06"	"ECUs"
"Q0"	60	7	"item"	"Q060_07"	"OBD"
"Q0"	60	8	"item"	"Q060_08"	"Key"
"Q0"	60	9	"item"	"Q060_09"	"Bus Systems"
"Q0"	60	10	"item"	"Q060_10"	"Sensors"
"Q0"	60	11	"item"	"Q060_11"	"EDR"
"Q0"	60	12	"item"	"Q060_12"	"Wiring & Power Distribution"
"Q0"	60	13	"item"	"Q060_13"	"ADAS"
"Q0"	60	14	"item"	"Q060_14"	"USB"
"Q0"	60	15	"item"	"Q060_15"	"Audio Connections"
"Q0"	60	16	"item"	"Q060_16"	"Engine Control Module"
"P0"			"section"	"P0"	"Participant"
"P0"	1		"question"	"P001"	"Age"
"P0"	1	1	"item"	"P001_01"	"20 years and under"
"P0"	1	2	"item"	"P001_02"	"21 - 29 years"
"P0"	1	3	"item"	"P001_03"	"30 - 39 years"
"P0"	1	4	"item"	"P001_04"	"40 - 49 years"
"P0"	1	5	"item"	"P001_05"	"50 - 59 years"
"P0"	1	6	"item"	"P001_06"	"60 years and above"
"P0"	2		"question"	"P002"	"Experience"
"P0"	2	1	"item"	"P002_01"	"<1 year"
"P0"	2	2	"item"	"P002_02"	"1-4 years"
"P0"	2	3	"item"	"P002_03"	"4 years and above"
"P0"	3		"question"	"P003"	"Job"
"P0"	3	1	"item"	"P003_01"	
"P0"	9		"question"	"P009"	"Job + Experience"
"P0"	9	1	"item"	"P009_01"	
"P0"	4		"question"	"P004"	"Tools"
"P0"	4	2	"item"	"P004_02"	"Daily"
"P0"	4	3	"item"	"P004_03"	"Weekly"
"P0"	4	4	"item"	"P004_04"	"Monthly"
"P0"	4	5	"item"	"P004_05"	"A few times"
"P0"	4	6	"item"	"P004_06"	"Never"
"P0"	7		"question"	"P007"	"Daily"
"P0"	7	2	"item"	"P007_02"	"Daily"
"P0"	7	3	"item"	"P007_03"	"Weekly"
"P0"	7	4	"item"	"P007_04"	"Monthly"
"P0"	7	5	"item"	"P007_05"	"A few times"
"P0"	7	6	"item"	"P007_06"	"Never"
"P0"	5		"question"	"P005"	"ExperienceRole"
"P0"	5	1	"item"	"P005_01"	"SOC Analyst"
"P0"	5	2	"item"	"P005_02"	"Malware Analyst"
"P0"	5	3	"item"	"P005_03"	"Forensics Specialist"
"P0"	5	4	"item"	"P005_04"	"Detection Engineer"
"P0"	5	5	"item"	"P005_05"	"Security Engineer"
"P0"	5	6	"item"	"P005_06"	"SIEM Content Engineer"
"P0"	5	7	"item"	"P005_07"	"Threat Intelligence Analyst"
"P0"	5	8	"item"	"P005_08"	"Threat Hunter"
"P0"	5	9	"item"	"P005_09"	"Red Team Specialist"
"P0"	5	10	"item"	"P005_10"	"Incident Responder"
"P0"	5	11	"item"	"P005_11"	"Security Architect"
"P0"	5	12	"item"	"P005_12"	"Security Consultant"
"P0"	5	13	"item"	"P005_13"	"Chief Information Security Officer"
"P0"	5	14	"item"	"P005_14"	"SOC Manager"
"P0"	5	15	"item"	"P005_15"	"IT Compliance Manager"
"P0"	5	16	"item"	"P005_16"	"Incident and Crisis Manager"
"P0"	5	17	"item"	"P005_17"	"Vulnerability and Risk Manager"
"P0"	5	18	"item"	"P005_18"	"Security Researcher"
"P0"	5	19	"item"	"P005_19"	"Security Software Developer"
"P0"	5	20	"item"	"P005_20"	"AI Developer"
"P0"	5	21	"item"	"P005_21"	"Other"
"P0"	8		"question"	"P008"	"Demographics"